dataset,trial,examples,features,classes,train_size,validation_size,test_size,base_learners,candidate_learners,validation_slack,validation_accuracy_cutoff,edge_density_target,edge_threshold,graph_edges,graph_density,mean_pair_validation_agreement,gamma_dsi,red_size,blue_size,selected_size,red_vertices,blue_vertices,lex_red_size,lex_blue_size,lex_red_vertices,lex_blue_vertices,lex_dsi_weight_objective,lex_dsi_changed_selection,margin_red_size,margin_blue_size,margin_red_vertices,margin_blue_vertices,margin_dsi_weight_objective,margin_dsi_validation_strict_correct,margin_dsi_changed_selection,dsi_validation_accuracy,lex_dsi_validation_accuracy,margin_dsi_validation_accuracy,topk_validation_accuracy,dsi_test_accuracy,lex_dsi_test_accuracy,margin_dsi_test_accuracy,topk_test_accuracy,full_test_accuracy,best_individual_test_accuracy,random_mean_test_accuracy,random_sd_test_accuracy,dsi_minus_random_accuracy,lex_dsi_minus_random_accuracy,margin_dsi_minus_random_accuracy,dsi_minus_topk_accuracy,lex_dsi_minus_topk_accuracy,margin_dsi_minus_topk_accuracy,dsi_minus_full_accuracy,lex_dsi_minus_full_accuracy,margin_dsi_minus_full_accuracy,dsi_accuracy_percentile,lex_dsi_accuracy_percentile,margin_dsi_accuracy_percentile,dsi_mean_pair_agreement,lex_dsi_mean_pair_agreement,margin_dsi_mean_pair_agreement,topk_mean_pair_agreement,random_mean_pair_agreement,dsi_avg_error_correlation,lex_dsi_avg_error_correlation,margin_dsi_avg_error_correlation,topk_avg_error_correlation,random_mean_error_correlation,dsi_status,lex_dsi_status,margin_dsi_status,cbc_wall_time_seconds,lex_cbc_wall_time_seconds,margin_cbc_wall_time_seconds,driver_wall_time_seconds,lex_driver_wall_time_seconds,margin_driver_wall_time_seconds,cbc_nodes,lex_cbc_nodes,margin_cbc_nodes,lp_file,log_file,solution_file,lex_lp_file,lex_log_file,lex_solution_file,margin_lp_file,margin_log_file,margin_solution_file
iris,0,150,4,3,90,30,30,48,17,0.050,0.950000,0.250,1.000000,64,0.470588,0.982353,4,2,2,4,4 16,0 3,2,2,3 16,4 8,3.933334,1,2,2,2 12,5 8,29.003934,29,1,1.000000,1.000000,1.000000,1.000000,0.933333,0.933333,1.000000,1.000000,1.000000,1.000000,0.990000,0.024097,-0.056667,-0.056667,0.010000,-0.066667,-0.066667,0.000000,-0.066667,-0.066667,0.000000,0.067500,0.067500,0.582500,0.927778,0.927778,0.938889,1.000000,0.948667,0.388834,0.388834,0.133631,0.000000,0.110103,Optimal,Optimal,Optimal,0.01,0.01,0.02,0.025971,0.017165,0.028851,0,0,0,lp/iris_trial_000.lp,logs/iris_trial_000.log,solutions/iris_trial_000.sol,lp/iris_trial_000_lex.lp,logs/iris_trial_000_lex.log,solutions/iris_trial_000_lex.sol,lp/iris_trial_000_margin.lp,logs/iris_trial_000_margin.log,solutions/iris_trial_000_margin.sol
iris,1,150,4,3,90,30,30,48,26,0.050,0.950000,0.250,1.000000,133,0.409231,0.977846,6,3,3,6,5 7 13,0 24 25,3,3,3 13 23,0 1 12,5.866668,1,3,3,13 22 24,0 10 14,30.005868,30,1,1.000000,1.000000,1.000000,1.000000,0.933333,0.933333,0.933333,0.933333,0.933333,0.933333,0.932000,0.006548,0.001333,0.001333,0.001333,0.000000,0.000000,0.000000,0.000000,0.000000,0.000000,0.520000,0.520000,0.520000,0.942222,0.942222,0.946667,0.966667,0.947744,0.659667,0.659667,0.659828,0.830377,0.665325,Optimal,Optimal,Optimal,0.02,0.04,0.03,0.032017,0.051851,0.039559,0,0,0,lp/iris_trial_001.lp,logs/iris_trial_001.log,solutions/iris_trial_001.sol,lp/iris_trial_001_lex.lp,logs/iris_trial_001_lex.log,solutions/iris_trial_001_lex.sol,lp/iris_trial_001_margin.lp,logs/iris_trial_001_margin.log,solutions/iris_trial_001_margin.sol
iris,2,150,4,3,90,30,30,48,17,0.050,0.883333,0.250,1.000000,45,0.330882,0.934314,9,8,1,9,0 1 2 3 7 8 12 14,16,8,1,0 1 2 3 7 8 12 14,9,8.199999,1,8,1,0 1 2 3 7 8 12 14,4,28.008199,28,1,0.933333,0.933333,0.933333,0.933333,0.966667,0.966667,0.966667,0.966667,0.966667,0.966667,0.966667,0.000000,0.000000,0.000000,0.000000,0.000000,0.000000,0.000000,0.000000,0.000000,0.000000,0.500000,0.500000,0.500000,0.946296,0.946296,0.942593,0.987037,0.964407,0.456795,0.456795,0.315148,0.583333,0.508892,Optimal,Optimal,Optimal,0.01,0.01,0.01,0.015809,0.016096,0.020862,0,0,0,lp/iris_trial_002.lp,logs/iris_trial_002.log,solutions/iris_trial_002.sol,lp/iris_trial_002_lex.lp,logs/iris_trial_002_lex.log,solutions/iris_trial_002_lex.sol,lp/iris_trial_002_margin.lp,logs/iris_trial_002_margin.log,solutions/iris_trial_002_margin.sol
iris,3,150,4,3,90,30,30,48,17,0.050,0.950000,0.250,1.000000,60,0.441176,0.979902,5,2,3,5,6 16,0 4 11,2,3,5 12,4 10 13,4.900001,1,2,3,0 5,4 15 16,30.004901,30,1,1.000000,1.000000,1.000000,1.000000,0.933333,0.933333,0.933333,0.966667,0.966667,0.966667,0.953500,0.024533,-0.020167,-0.020167,-0.020167,-0.033333,-0.033333,-0.033333,-0.033333,-0.033333,-0.033333,0.200000,0.200000,0.200000,0.906667,0.926667,0.933333,0.980000,0.940433,0.388921,0.285230,0.491685,0.816885,0.497752,Optimal,Optimal,Optimal,0.01,0.01,0.01,0.017726,0.017840,0.019799,0,0,0,lp/iris_trial_003.lp,logs/iris_trial_003.log,solutions/iris_trial_003.sol,lp/iris_trial_003_lex.lp,logs/iris_trial_003_lex.log,solutions/iris_trial_003_lex.sol,lp/iris_trial_003_margin.lp,logs/iris_trial_003_margin.log,solutions/iris_trial_003_margin.sol
iris,4,150,4,3,90,30,30,48,18,0.050,0.950000,0.250,1.000000,57,0.372549,0.974946,6,4,2,6,1 11 13 17,0 10,4,2,3 11 13 14,1 15,5.866668,1,4,2,1 9 11 13,2 17,30.005868,30,1,1.000000,1.000000,1.000000,1.000000,0.966667,0.966667,0.966667,0.966667,0.966667,0.966667,0.960333,0.013110,0.006333,0.006333,0.006333,0.000000,0.000000,0.000000,0.000000,0.000000,0.000000,0.595000,0.595000,0.595000,0.971111,0.971111,0.964444,0.971111,0.973833,0.787291,0.787291,0.727197,0.745456,0.708980,Optimal,Optimal,Optimal,0.01,0.01,0.01,0.017556,0.018475,0.019509,0,0,0,lp/iris_trial_004.lp,logs/iris_trial_004.log,solutions/iris_trial_004.sol,lp/iris_trial_004_lex.lp,logs/iris_trial_004_lex.log,solutions/iris_trial_004_lex.sol,lp/iris_trial_004_margin.lp,logs/iris_trial_004_margin.log,solutions/iris_trial_004_margin.sol
iris,5,150,4,3,90,30,30,48,25,0.050,0.883333,0.250,0.966667,104,0.346667,0.919556,8,4,4,8,4 6 22 23,0 5 16 19,4,4,1 4 6 23,0 5 17 19,7.433331,1,3,5,5 20 22,0 1 4 6 23,28.007431,28,1,0.933333,0.966667,0.966667,0.933333,0.933333,0.933333,0.933333,0.933333,0.933333,0.933333,0.935167,0.013858,-0.001833,-0.001833,-0.001833,0.000000,0.000000,0.000000,0.000000,0.000000,0.000000,0.472500,0.472500,0.472500,0.925000,0.938095,0.925000,0.933333,0.934155,0.467758,0.626425,0.518256,0.511704,0.541903,Optimal,Optimal,Optimal,0.02,0.01,0.04,0.033456,0.022690,0.044280,0,0,0,lp/iris_trial_005.lp,logs/iris_trial_005.log,solutions/iris_trial_005.sol,lp/iris_trial_005_lex.lp,logs/iris_trial_005_lex.log,solutions/iris_trial_005_lex.sol,lp/iris_trial_005_margin.lp,logs/iris_trial_005_margin.log,solutions/iris_trial_005_margin.sol
iris,6,150,4,3,90,30,30,48,16,0.050,0.916667,0.250,0.966667,41,0.341667,0.931111,6,3,3,6,7 9 12,6 11 15,3,3,5 10 12,7 8 15,5.533332,1,3,3,5 8 15,6 9 12,27.005532,27,1,0.933333,0.933333,0.933333,0.966667,0.900000,0.900000,0.900000,0.966667,0.900000,0.966667,0.908667,0.023210,-0.008667,-0.008667,-0.008667,-0.066667,-0.066667,-0.066667,0.000000,0.000000,0.000000,0.437500,0.437500,0.437500,0.971111,0.971111,0.971111,0.942222,0.950156,0.851180,0.851180,0.851180,0.574025,0.678728,Optimal,Optimal,Optimal,0.01,0.01,0.03,0.014923,0.015383,0.038703,0,0,0,lp/iris_trial_006.lp,logs/iris_trial_006.log,solutions/iris_trial_006.sol,lp/iris_trial_006_lex.lp,logs/iris_trial_006_lex.log,solutions/iris_trial_006_lex.sol,lp/iris_trial_006_margin.lp,logs/iris_trial_006_margin.log,solutions/iris_trial_006_margin.sol
iris,7,150,4,3,90,30,30,48,16,0.050,0.950000,0.250,1.000000,47,0.391667,0.963611,8,3,5,8,1 5 10,0 2 3 4 8,3,5,2 5 8,0 1 3 4 10,7.700001,0,3,5,2 5 12,0 1 3 4 8,29.007701,29,1,1.000000,1.000000,1.000000,1.000000,0.933333,0.933333,0.933333,0.933333,0.966667,0.933333,0.962667,0.011362,-0.029333,-0.029333,-0.029333,0.000000,0.000000,0.000000,-0.033333,-0.033333,-0.033333,0.062500,0.062500,0.062500,0.964286,0.964286,0.964286,0.964286,0.967583,0.583210,0.583210,0.583210,0.583210,0.462476,Optimal,Optimal,Optimal,0.01,0.01,0.01,0.020668,0.015736,0.021999,0,0,0,lp/iris_trial_007.lp,logs/iris_trial_007.log,solutions/iris_trial_007.sol,lp/iris_trial_007_lex.lp,logs/iris_trial_007_lex.log,solutions/iris_trial_007_lex.sol,lp/iris_trial_007_margin.lp,logs/iris_trial_007_margin.log,solutions/iris_trial_007_margin.sol
iris,8,150,4,3,90,30,30,48,16,0.050,0.950000,0.250,1.000000,43,0.358333,0.974722,7,3,4,7,1 2 5,4 8 12 15,3,4,8 12 14,0 2 13 15,6.833335,1,3,4,7 8 12,2 13 14 15,30.006835,30,1,1.000000,1.000000,1.000000,1.000000,0.933333,0.900000,0.900000,0.933333,0.933333,0.933333,0.927000,0.016503,0.006333,-0.027000,-0.027000,0.000000,-0.033333,-0.033333,0.000000,-0.033333,-0.033333,0.595000,0.117500,0.117500,0.933333,0.936508,0.939683,0.958730,0.943730,0.620737,0.628179,0.665791,0.708797,0.653617,Optimal,Optimal,Optimal,0.01,0.01,0.01,0.015512,0.015512,0.017202,0,0,0,lp/iris_trial_008.lp,logs/iris_trial_008.log,solutions/iris_trial_008.sol,lp/iris_trial_008_lex.lp,logs/iris_trial_008_lex.log,solutions/iris_trial_008_lex.sol,lp/iris_trial_008_margin.lp,logs/iris_trial_008_margin.log,solutions/iris_trial_008_margin.sol
iris,9,150,4,3,90,30,30,48,16,0.050,0.916667,0.250,1.000000,45,0.375000,0.957500,8,7,1,8,0 5 10 11 13 14 15,12,7,1,0 8 10 11 13 14 15,12,7.433332,1,7,1,0 10 11 12 13 14 15,8,28.007432,28,1,0.933333,0.933333,0.933333,0.933333,1.000000,1.000000,1.000000,1.000000,1.000000,1.000000,1.000000,0.000000,0.000000,0.000000,0.000000,0.000000,0.000000,0.000000,0.000000,0.000000,0.000000,0.500000,0.500000,0.500000,0.958333,0.935714,0.935714,0.991667,0.959786,-0.005653,0.008064,0.008064,0.000000,0.006382,Optimal,Optimal,Optimal,0.01,0.01,0.01,0.017374,0.014290,0.016535,0,0,0,lp/iris_trial_009.lp,logs/iris_trial_009.log,solutions/iris_trial_009.sol,lp/iris_trial_009_lex.lp,logs/iris_trial_009_lex.log,solutions/iris_trial_009_lex.sol,lp/iris_trial_009_margin.lp,logs/iris_trial_009_margin.log,solutions/iris_trial_009_margin.sol
iris,10,150,4,3,90,30,30,48,16,0.050,0.950000,0.250,0.966667,40,0.333333,0.927778,6,4,2,6,2 8 11 15,7 9,4,2,2 8 11 15,7 9,5.633333,0,4,2,7 8 11 15,2 9,29.005633,29,0,1.000000,1.000000,1.000000,1.000000,0.966667,0.966667,0.966667,1.000000,0.966667,1.000000,0.973833,0.019735,-0.007167,-0.007167,-0.007167,-0.033333,-0.033333,-0.033333,0.000000,0.000000,0.000000,0.392500,0.392500,0.392500,0.960000,0.960000,0.960000,0.964444,0.938778,0.503831,0.503831,0.503831,0.124138,0.317602,Optimal,Optimal,Optimal,0.01,0.00,0.01,0.013736,0.011906,0.021823,0,0,0,lp/iris_trial_010.lp,logs/iris_trial_010.log,solutions/iris_trial_010.sol,lp/iris_trial_010_lex.lp,logs/iris_trial_010_lex.log,solutions/iris_trial_010_lex.sol,lp/iris_trial_010_margin.lp,logs/iris_trial_010_margin.log,solutions/iris_trial_010_margin.sol
iris,11,150,4,3,90,30,30,48,16,0.050,0.950000,0.250,1.000000,31,0.258333,0.963889,8,4,4,8,1 5 8 15,0 6 7 10,4,4,2 6 9 15,1 4 8 10,7.666666,1,4,4,1 6 9 15,0 5 10 11,29.007666,29,1,0.966667,0.966667,0.966667,0.966667,0.966667,0.966667,0.966667,0.966667,0.933333,0.966667,0.954000,0.016220,0.012667,0.012667,0.012667,0.000000,0.000000,0.000000,0.033333,0.033333,0.033333,0.690000,0.690000,0.690000,0.941667,0.945238,0.941667,0.958333,0.952976,0.354019,0.443650,0.354019,0.523390,0.469463,Optimal,Optimal,Optimal,0.01,0.00,0.01,0.017339,0.012940,0.018620,0,0,0,lp/iris_trial_011.lp,logs/iris_trial_011.log,solutions/iris_trial_011.sol,lp/iris_trial_011_lex.lp,logs/iris_trial_011_lex.log,solutions/iris_trial_011_lex.sol,lp/iris_trial_011_margin.lp,logs/iris_trial_011_margin.log,solutions/iris_trial_011_margin.sol
iris,12,150,4,3,90,30,30,48,16,0.050,0.950000,0.250,1.000000,31,0.258333,0.965278,7,4,3,7,0 6 9 15,5 7 11,4,3,2 8 13 15,0 7 11,6.800001,1,4,3,3 6 13 15,2 8 12,30.006801,30,1,1.000000,1.000000,1.000000,1.000000,0.900000,0.933333,0.933333,0.900000,0.900000,0.933333,0.910333,0.016162,-0.010333,0.023000,0.023000,0.000000,0.033333,0.033333,0.000000,0.033333,0.033333,0.350000,0.845000,0.845000,0.980952,0.946032,0.946032,0.965079,0.957746,0.886734,0.677311,0.677311,0.757158,0.732304,Optimal,Optimal,Optimal,0.01,0.00,0.01,0.017427,0.011907,0.013975,0,0,0,lp/iris_trial_012.lp,logs/iris_trial_012.log,solutions/iris_trial_012.sol,lp/iris_trial_012_lex.lp,logs/iris_trial_012_lex.log,solutions/iris_trial_012_lex.sol,lp/iris_trial_012_margin.lp,logs/iris_trial_012_margin.log,solutions/iris_trial_012_margin.sol
iris,13,150,4,3,90,30,30,48,23,0.050,0.916667,0.250,1.000000,83,0.328063,0.969170,8,4,4,8,4 6 18 19,8 12 17 22,4,4,0 8 18 20,3 12 19 21,7.600000,1,4,4,7 13 16 19,0 6 8 22,28.007600,28,1,0.966667,0.966667,0.966667,0.966667,1.000000,0.966667,0.966667,0.966667,0.966667,0.933333,0.969000,0.013578,0.031000,-0.002333,-0.002333,0.033333,0.000000,0.000000,0.033333,0.000000,0.000000,0.940000,0.465000,0.465000,0.958333,0.951190,0.969048,0.940476,0.953089,0.206367,0.451083,0.429384,0.344823,0.303817,Optimal,Optimal,Optimal,0.01,0.03,0.03,0.022015,0.037811,0.043895,0,0,0,lp/iris_trial_013.lp,logs/iris_trial_013.log,solutions/iris_trial_013.sol,lp/iris_trial_013_lex.lp,logs/iris_trial_013_lex.log,solutions/iris_trial_013_lex.sol,lp/iris_trial_013_margin.lp,logs/iris_trial_013_margin.log,solutions/iris_trial_013_margin.sol
iris,14,150,4,3,90,30,30,48,16,0.050,0.950000,0.250,1.000000,40,0.333333,0.969722,8,3,5,8,1 10 15,5 9 12 13 14,3,5,7 11 15,8 9 10 13 14,7.733334,1,3,5,6 12 15,8 9 10 13 14,29.007734,29,1,1.000000,1.000000,1.000000,1.000000,0.866667,0.866667,0.900000,0.900000,0.900000,0.900000,0.893000,0.013611,-0.026333,-0.026333,0.007000,-0.033333,-0.033333,0.000000,-0.033333,-0.033333,0.000000,0.105000,0.105000,0.605000,0.951190,0.936905,0.935714,0.957143,0.942006,0.783697,0.733785,0.717556,0.805685,0.742507,Optimal,Optimal,Optimal,0.01,0.01,0.01,0.015535,0.015102,0.020385,0,0,0,lp/iris_trial_014.lp,logs/iris_trial_014.log,solutions/iris_trial_014.sol,lp/iris_trial_014_lex.lp,logs/iris_trial_014_lex.log,solutions/iris_trial_014_lex.sol,lp/iris_trial_014_margin.lp,logs/iris_trial_014_margin.log,solutions/iris_trial_014_margin.sol
iris,15,150,4,3,90,30,30,48,17,0.050,0.950000,0.250,1.000000,70,0.514706,0.982353,6,3,3,6,3 5 16,2 4 8,3,3,0 2 15,3 4 11,5.866668,1,3,3,3 5 15,0 2 9,30.005868,30,1,1.000000,1.000000,1.000000,1.000000,0.900000,0.900000,0.933333,0.900000,0.900000,0.900000,0.895667,0.017141,0.004333,0.004333,0.037667,0.000000,0.000000,0.033333,0.000000,0.000000,0.033333,0.565000,0.565000,0.962500,0.971111,0.951111,0.964444,0.960000,0.949233,0.848199,0.766751,0.795519,0.777778,0.735079,Optimal,Optimal,Optimal,0.02,0.03,0.02,0.028178,0.033466,0.025460,0,0,0,lp/iris_trial_015.lp,logs/iris_trial_015.log,solutions/iris_trial_015.sol,lp/iris_trial_015_lex.lp,logs/iris_trial_015_lex.log,solutions/iris_trial_015_lex.sol,lp/iris_trial_015_margin.lp,logs/iris_trial_015_margin.log,solutions/iris_trial_015_margin.sol
iris,16,150,4,3,90,30,30,48,21,0.050,0.950000,0.250,1.000000,94,0.447619,0.979683,6,3,3,6,1 11 14,8 13 20,3,3,0 13 17,5 11 14,5.866668,1,3,3,0 14 15,3 7 13,30.005868,30,1,1.000000,1.000000,1.000000,1.000000,0.933333,0.933333,0.966667,0.966667,0.933333,0.966667,0.930500,0.012846,0.002833,0.002833,0.036167,-0.033333,-0.033333,0.000000,0.000000,0.000000,0.033333,0.542500,0.542500,0.982500,0.944444,0.924444,0.926667,0.940000,0.937733,0.620885,0.421370,0.501811,0.491497,0.539621,Optimal,Optimal,Optimal,0.02,0.04,0.02,0.025232,0.044959,0.033105,0,0,0,lp/iris_trial_016.lp,logs/iris_trial_016.log,solutions/iris_trial_016.sol,lp/iris_trial_016_lex.lp,logs/iris_trial_016_lex.log,solutions/iris_trial_016_lex.sol,lp/iris_trial_016_margin.lp,logs/iris_trial_016_margin.log,solutions/iris_trial_016_margin.sol
iris,17,150,4,3,90,30,30,48,16,0.050,0.950000,0.250,1.000000,49,0.408333,0.957222,7,3,4,7,4 7 9,0 3 6 10,3,4,2 3 13,0 4 6 7,6.599998,1,3,4,4 5 6,0 3 9 15,28.006598,28,1,0.933333,0.933333,0.933333,0.933333,0.900000,0.900000,0.900000,0.866667,0.900000,0.833333,0.901000,0.019744,-0.001000,-0.001000,-0.001000,0.033333,0.033333,0.033333,0.000000,0.000000,0.000000,0.485000,0.485000,0.485000,0.917460,0.930159,0.926984,0.936508,0.934762,0.526548,0.609703,0.539716,0.650256,0.573143,Optimal,Optimal,Optimal,0.01,0.01,0.02,0.016730,0.016508,0.023494,0,0,0,lp/iris_trial_017.lp,logs/iris_trial_017.log,solutions/iris_trial_017.sol,lp/iris_trial_017_lex.lp,logs/iris_trial_017_lex.log,solutions/iris_trial_017_lex.sol,lp/iris_trial_017_margin.lp,logs/iris_trial_017_margin.log,solutions/iris_trial_017_margin.sol
iris,18,150,4,3,90,30,30,48,16,0.050,0.950000,0.250,0.966667,52,0.433333,0.952222,4,3,1,4,8 10 14,7,3,1,8 10 14,7,3.800000,0,3,1,8 9 14,7,28.003800,28,1,0.966667,0.966667,0.966667,1.000000,1.000000,1.000000,1.000000,0.966667,0.966667,0.966667,0.953000,0.021447,0.047000,0.047000,0.047000,0.033333,0.033333,0.033333,0.033333,0.033333,0.033333,0.962500,0.962500,0.962500,0.933333,0.933333,0.933333,0.977778,0.952444,0.218207,0.218207,0.218207,0.796539,0.405308,Optimal,Optimal,Optimal,0.01,0.01,0.01,0.014068,0.017786,0.024468,0,0,0,lp/iris_trial_018.lp,logs/iris_trial_018.log,solutions/iris_trial_018.sol,lp/iris_trial_018_lex.lp,logs/iris_trial_018_lex.log,solutions/iris_trial_018_lex.sol,lp/iris_trial_018_margin.lp,logs/iris_trial_018_margin.log,solutions/iris_trial_018_margin.sol
iris,19,150,4,3,90,30,30,48,18,0.050,0.950000,0.250,1.000000,93,0.607843,0.986057,6,3,3,6,1 2 4,3 8 14,3,3,1 4 8,2 3 5,5.866668,1,3,3,2 4 12,3 8 13,30.005868,30,1,1.000000,1.000000,1.000000,1.000000,0.933333,0.933333,0.933333,0.966667,0.966667,0.966667,0.959000,0.014063,-0.025667,-0.025667,-0.025667,-0.033333,-0.033333,-0.033333,-0.033333,-0.033333,-0.033333,0.115000,0.115000,0.115000,0.957778,0.968889,0.951111,0.971111,0.968844,0.749787,0.836969,0.703297,0.745456,0.784197,Optimal,Optimal,Optimal,0.02,0.02,0.02,0.027546,0.027152,0.028157,0,0,0,lp/iris_trial_019.lp,logs/iris_trial_019.log,solutions/iris_trial_019.sol,lp/iris_trial_019_lex.lp,logs/iris_trial_019_lex.log,solutions/iris_trial_019_lex.sol,lp/iris_trial_019_margin.lp,logs/iris_trial_019_margin.log,solutions/iris_trial_019_margin.sol
penguins,0,333,10,3,200,67,66,48,16,0.050,0.950000,0.250,0.925373,33,0.275000,0.809080,8,6,2,8,1 9 11 13 14 15,0 10,6,2,3 8 11 13 14 15,1 9,6.656717,1,2,6,4 8,3 10 11 13 14 15,67.006656,67,1,1.000000,1.000000,1.000000,1.000000,1.000000,0.984848,0.984848,0.984848,0.984848,1.000000,0.978636,0.018615,0.021364,0.006212,0.006212,0.015152,0.000000,0.000000,0.015152,0.000000,0.000000,0.950000,0.560000,0.560000,0.750541,0.754870,0.748377,0.980519,0.830817,0.119957,0.182148,0.121745,0.412400,0.229059,Optimal,Optimal,Optimal,0.01,0.01,0.02,0.013279,0.019846,0.032559,0,0,0,lp/penguins_trial_000.lp,logs/penguins_trial_000.log,solutions/penguins_trial_000.sol,lp/penguins_trial_000_lex.lp,logs/penguins_trial_000_lex.log,solutions/penguins_trial_000_lex.sol,lp/penguins_trial_000_margin.lp,logs/penguins_trial_000_margin.log,solutions/penguins_trial_000_margin.sol
penguins,1,333,10,3,200,67,66,48,16,0.050,0.950000,0.250,0.895522,30,0.250000,0.848632,9,7,2,9,4 8 9 12 13 14 15,5 11,7,2,5 8 9 12 13 14 15,4 11,7.791045,0,2,7,3 12,1 8 9 11 13 14 15,66.007792,66,1,0.985075,0.985075,0.985075,1.000000,0.954545,0.954545,0.954545,0.984848,0.984848,1.000000,0.975758,0.016500,-0.021212,-0.021212,-0.021212,-0.030303,-0.030303,-0.030303,-0.030303,-0.030303,-0.030303,0.105000,0.105000,0.105000,0.772306,0.772306,0.772306,0.939815,0.820840,0.166853,0.166853,0.166853,0.445850,0.206612,Optimal,Optimal,Optimal,0.01,0.01,0.01,0.013683,0.015252,0.017747,0,0,0,lp/penguins_trial_001.lp,logs/penguins_trial_001.log,solutions/penguins_trial_001.sol,lp/penguins_trial_001_lex.lp,logs/penguins_trial_001_lex.log,solutions/penguins_trial_001_lex.sol,lp/penguins_trial_001_margin.lp,logs/penguins_trial_001_margin.log,solutions/penguins_trial_001_margin.sol
penguins,2,333,10,3,200,67,66,48,16,0.050,0.950000,0.250,0.970149,30,0.250000,0.892786,10,3,7,10,4 10 11,1 8 9 12 13 14 15,3,7,1 10 11,0 8 9 12 13 14 15,9.074627,1,3,7,3 9 10,0 8 11 12 13 14 15,67.009074,67,1,1.000000,1.000000,1.000000,1.000000,0.954545,0.954545,0.954545,1.000000,0.984848,0.984848,0.984318,0.009771,-0.029773,-0.029773,-0.029773,-0.045455,-0.045455,-0.045455,-0.030303,-0.030303,-0.030303,0.010000,0.010000,0.010000,0.845455,0.852525,0.852525,0.954209,0.886296,0.201606,0.275565,0.267863,0.161238,0.179559,Optimal,Optimal,Optimal,0.00,0.00,0.01,0.013244,0.013661,0.014928,0,0,0,lp/penguins_trial_002.lp,logs/penguins_trial_002.log,solutions/penguins_trial_002.sol,lp/penguins_trial_002_lex.lp,logs/penguins_trial_002_lex.log,solutions/penguins_trial_002_lex.sol,lp/penguins_trial_002_margin.lp,logs/penguins_trial_002_margin.log,solutions/penguins_trial_002_margin.sol
penguins,3,333,10,3,200,67,66,48,16,0.050,0.950000,0.250,0.925373,36,0.300000,0.868159,9,2,7,9,0 14,5 9 10 11 12 13 15,3,6,0 9 14,1 10 11 12 13 15,7.910448,1,2,7,1 14,0 9 10 11 12 13 15,65.007912,65,1,0.970149,0.970149,0.970149,1.000000,0.969697,0.969697,0.969697,1.000000,1.000000,1.000000,0.995985,0.013370,-0.026288,-0.026288,-0.026288,-0.030303,-0.030303,-0.030303,-0.030303,-0.030303,-0.030303,0.057500,0.057500,0.057500,0.784933,0.784933,0.784933,0.975589,0.856458,0.089864,0.089864,0.089864,0.021172,0.054375,Optimal,Optimal,Optimal,0.00,0.01,0.01,0.013386,0.013212,0.019217,0,0,0,lp/penguins_trial_003.lp,logs/penguins_trial_003.log,solutions/penguins_trial_003.sol,lp/penguins_trial_003_lex.lp,logs/penguins_trial_003_lex.log,solutions/penguins_trial_003_lex.sol,lp/penguins_trial_003_margin.lp,logs/penguins_trial_003_margin.log,solutions/penguins_trial_003_margin.sol
penguins,4,333,10,3,200,67,66,48,16,0.050,0.935075,0.250,0.940299,37,0.308333,0.868408,9,3,6,9,4 13 15,5 7 10 11 12 14,3,6,4 13 15,2 7 10 11 12 14,7.880598,1,4,5,0 9 13 15,1 10 11 12 14,64.007866,64,1,0.955224,0.955224,0.955224,0.970149,0.909091,0.909091,0.924242,1.000000,1.000000,0.984848,0.995909,0.014387,-0.086818,-0.086818,-0.071667,-0.090909,-0.090909,-0.075758,-0.090909,-0.090909,-0.075758,0.002500,0.002500,0.007500,0.843434,0.843434,0.827862,0.979798,0.881479,0.213351,0.213351,0.183053,-0.002178,0.069029,Optimal,Optimal,Optimal,0.01,0.01,0.01,0.013966,0.012959,0.021305,0,0,0,lp/penguins_trial_004.lp,logs/penguins_trial_004.log,solutions/penguins_trial_004.sol,lp/penguins_trial_004_lex.lp,logs/penguins_trial_004_lex.log,solutions/penguins_trial_004_lex.sol,lp/penguins_trial_004_margin.lp,logs/penguins_trial_004_margin.log,solutions/penguins_trial_004_margin.sol
penguins,5,333,10,3,200,67,66,48,16,0.050,0.950000,0.250,0.970149,40,0.333333,0.902239,8,2,6,8,6 11,5 10 12 13 14 15,2,6,2 10,6 11 12 13 14 15,7.164180,1,2,6,2 11,4 10 12 13 14 15,65.007163,65,1,0.985075,0.985075,0.985075,0.985075,0.984848,0.984848,0.984848,1.000000,1.000000,0.984848,0.993030,0.009344,-0.008182,-0.008182,-0.008182,-0.015152,-0.015152,-0.015152,-0.015152,-0.015152,-0.015152,0.230000,0.230000,0.230000,0.847403,0.843074,0.843074,0.960498,0.897156,0.110779,0.121879,0.121879,0.020236,0.126188,Optimal,Optimal,Optimal,0.01,0.01,0.01,0.016975,0.013717,0.019438,0,0,0,lp/penguins_trial_005.lp,logs/penguins_trial_005.log,solutions/penguins_trial_005.sol,lp/penguins_trial_005_lex.lp,logs/penguins_trial_005_lex.log,solutions/penguins_trial_005_lex.sol,lp/penguins_trial_005_margin.lp,logs/penguins_trial_005_margin.log,solutions/penguins_trial_005_margin.sol
penguins,6,333,10,3,200,67,66,48,16,0.050,0.935075,0.250,0.970149,36,0.300000,0.869652,9,8,1,9,4 9 10 11 12 13 14 15,7,8,1,1 9 10 11 12 13 14 15,7,7.805971,1,1,8,3,1 9 10 11 12 13 14 15,62.007807,62,1,0.925373,0.925373,0.925373,0.985075,0.924242,0.924242,0.924242,1.000000,0.984848,0.984848,0.981212,0.020165,-0.056970,-0.056970,-0.056970,-0.075758,-0.075758,-0.075758,-0.060606,-0.060606,-0.060606,0.035000,0.035000,0.035000,0.841330,0.843855,0.851431,0.967172,0.881559,0.258950,0.317721,0.320454,0.071688,0.141368,Optimal,Optimal,Optimal,0.01,0.01,0.01,0.014682,0.013919,0.021539,0,0,0,lp/penguins_trial_006.lp,logs/penguins_trial_006.log,solutions/penguins_trial_006.sol,lp/penguins_trial_006_lex.lp,logs/penguins_trial_006_lex.log,solutions/penguins_trial_006_lex.sol,lp/penguins_trial_006_margin.lp,logs/penguins_trial_006_margin.log,solutions/penguins_trial_006_margin.sol
penguins,7,333,10,3,200,67,66,48,16,0.050,0.950000,0.250,0.970149,31,0.258333,0.898632,9,8,1,9,6 9 10 11 12 13 14 15,7,8,1,6 9 10 11 12 13 14 15,7,8.059704,0,1,8,6,5 9 10 11 12 13 14 15,64.008061,64,1,0.955224,0.955224,0.955224,1.000000,0.909091,0.909091,0.909091,0.984848,0.984848,0.984848,0.972348,0.025209,-0.063258,-0.063258,-0.063258,-0.075758,-0.075758,-0.075758,-0.075758,-0.075758,-0.075758,0.012500,0.012500,0.012500,0.800505,0.800505,0.798822,0.951178,0.848889,0.198603,0.198603,0.201384,0.416816,0.217309,Optimal,Optimal,Optimal,0.00,0.00,0.01,0.013492,0.013986,0.018300,0,0,0,lp/penguins_trial_007.lp,logs/penguins_trial_007.log,solutions/penguins_trial_007.sol,lp/penguins_trial_007_lex.lp,logs/penguins_trial_007_lex.log,solutions/penguins_trial_007_lex.sol,lp/penguins_trial_007_margin.lp,logs/penguins_trial_007_margin.log,solutions/penguins_trial_007_margin.sol
penguins,8,333,10,3,200,67,66,48,16,0.050,0.935075,0.250,0.925373,30,0.250000,0.848881,9,6,3,9,1 9 10 11 13 14,5 12 15,7,2,1 9 10 12 13 14 15,4 8,7.716419,1,7,2,3 9 10 12 13 14 15,1 8,64.007717,64,1,0.940299,0.955224,0.955224,0.985075,0.939394,0.954545,0.939394,0.984848,0.984848,0.939394,0.975379,0.020404,-0.035985,-0.020833,-0.035985,-0.045455,-0.030303,-0.045455,-0.045455,-0.030303,-0.045455,0.060000,0.130000,0.060000,0.761785,0.765993,0.765152,0.928872,0.820492,0.208559,0.175826,0.214078,0.297300,0.204931,Optimal,Optimal,Optimal,0.00,0.00,0.01,0.011789,0.012392,0.020013,0,0,0,lp/penguins_trial_008.lp,logs/penguins_trial_008.log,solutions/penguins_trial_008.sol,lp/penguins_trial_008_lex.lp,logs/penguins_trial_008_lex.log,solutions/penguins_trial_008_lex.sol,lp/penguins_trial_008_margin.lp,logs/penguins_trial_008_margin.log,solutions/penguins_trial_008_margin.sol
penguins,9,333,10,3,200,67,66,48,16,0.050,0.950000,0.250,0.970149,39,0.325000,0.924751,8,2,6,8,8 13,5 10 11 12 14 15,2,6,4 11,5 10 12 13 14 15,7.402987,1,2,6,5 13,4 10 11 12 14 15,63.007402,63,1,0.955224,0.955224,0.955224,1.000000,1.000000,1.000000,1.000000,1.000000,1.000000,1.000000,0.998864,0.004001,0.001136,0.001136,0.001136,0.000000,0.000000,0.000000,0.000000,0.000000,0.000000,0.537500,0.537500,0.537500,0.897727,0.910173,0.910173,0.985931,0.936212,0.135400,0.113707,0.113707,0.020300,0.078671,Optimal,Optimal,Optimal,0.01,0.01,0.01,0.016311,0.013705,0.021055,0,0,0,lp/penguins_trial_009.lp,logs/penguins_trial_009.log,solutions/penguins_trial_009.sol,lp/penguins_trial_009_lex.lp,logs/penguins_trial_009_lex.log,solutions/penguins_trial_009_lex.sol,lp/penguins_trial_009_margin.lp,logs/penguins_trial_009_margin.log,solutions/penguins_trial_009_margin.sol
penguins,10,333,10,3,200,67,66,48,16,0.050,0.950000,0.250,0.955224,31,0.258333,0.876617,9,7,2,9,0 8 9 12 13 14 15,5 10,7,2,4 8 9 11 13 14 15,5 10,8.044777,1,2,7,4 10,0 8 9 11 13 14 15,66.008045,66,1,0.985075,0.985075,0.985075,1.000000,1.000000,1.000000,1.000000,1.000000,1.000000,1.000000,0.997348,0.006867,0.002652,0.002652,0.002652,0.000000,0.000000,0.000000,0.000000,0.000000,0.000000,0.575000,0.575000,0.575000,0.809343,0.814394,0.814394,0.982323,0.868363,0.081558,0.084498,0.084498,0.045995,0.072455,Optimal,Optimal,Optimal,0.01,0.01,0.01,0.013050,0.013840,0.022860,0,0,0,lp/penguins_trial_010.lp,logs/penguins_trial_010.log,solutions/penguins_trial_010.sol,lp/penguins_trial_010_lex.lp,logs/penguins_trial_010_lex.log,solutions/penguins_trial_010_lex.sol,lp/penguins_trial_010_margin.lp,logs/penguins_trial_010_margin.log,solutions/penguins_trial_010_margin.sol
penguins,11,333,10,3,200,67,66,48,16,0.050,0.950000,0.250,0.970149,32,0.266667,0.894776,9,7,2,9,8 10 11 12 13 14 15,3 9,7,2,1 10 11 12 13 14 15,0 9,8.119405,1,7,2,2 10 11 12 13 14 15,1 9,66.008119,66,1,0.955224,0.985075,0.985075,1.000000,0.984848,0.984848,0.984848,0.984848,0.984848,0.984848,0.990379,0.007313,-0.005530,-0.005530,-0.005530,0.000000,0.000000,0.000000,0.000000,0.000000,0.000000,0.317500,0.317500,0.317500,0.817340,0.816498,0.816498,0.975589,0.882003,0.094686,0.144264,0.144264,0.284355,0.177813,Optimal,Optimal,Optimal,0.00,0.00,0.01,0.012489,0.012230,0.020142,0,0,0,lp/penguins_trial_011.lp,logs/penguins_trial_011.log,solutions/penguins_trial_011.sol,lp/penguins_trial_011_lex.lp,logs/penguins_trial_011_lex.log,solutions/penguins_trial_011_lex.sol,lp/penguins_trial_011_margin.lp,logs/penguins_trial_011_margin.log,solutions/penguins_trial_011_margin.sol
penguins,12,333,10,3,200,67,66,48,16,0.050,0.950000,0.250,0.925373,32,0.266667,0.865174,9,2,7,9,1 14,0 9 10 11 12 13 15,2,7,1 14,0 9 10 11 12 13 15,7.955224,0,2,7,2 14,1 9 10 11 12 13 15,66.007956,66,1,0.985075,0.985075,0.985075,1.000000,0.878788,0.878788,0.909091,0.969697,0.939394,0.969697,0.942424,0.030869,-0.063636,-0.063636,-0.033333,-0.090909,-0.090909,-0.060606,-0.060606,-0.060606,-0.030303,0.032500,0.032500,0.152500,0.768098,0.768098,0.768098,0.931818,0.819867,0.226922,0.226922,0.197201,0.185377,0.204465,Optimal,Optimal,Optimal,0.00,0.00,0.01,0.011389,0.012188,0.018586,0,0,0,lp/penguins_trial_012.lp,logs/penguins_trial_012.log,solutions/penguins_trial_012.sol,lp/penguins_trial_012_lex.lp,logs/penguins_trial_012_lex.log,solutions/penguins_trial_012_lex.sol,lp/penguins_trial_012_margin.lp,logs/penguins_trial_012_margin.log,solutions/penguins_trial_012_margin.sol
penguins,13,333,10,3,200,67,66,48,16,0.050,0.950000,0.250,0.940299,33,0.275000,0.858085,9,2,7,9,1 15,0 9 10 11 12 13 14,2,7,2 15,0 9 10 11 12 13 14,7.746268,1,2,7,1 15,2 9 10 11 12 13 14,62.007747,62,1,0.925373,0.925373,0.925373,1.000000,0.969697,0.969697,0.969697,0.984848,0.984848,0.984848,0.983788,0.007045,-0.014091,-0.014091,-0.014091,-0.015152,-0.015152,-0.015152,-0.015152,-0.015152,-0.015152,0.070000,0.070000,0.070000,0.804293,0.802609,0.802609,0.953704,0.853601,0.244390,0.180814,0.180814,0.248387,0.201901,Optimal,Optimal,Optimal,0.00,0.00,0.01,0.015021,0.012304,0.018813,0,0,0,lp/penguins_trial_013.lp,logs/penguins_trial_013.log,solutions/penguins_trial_013.sol,lp/penguins_trial_013_lex.lp,logs/penguins_trial_013_lex.log,solutions/penguins_trial_013_lex.sol,lp/penguins_trial_013_margin.lp,logs/penguins_trial_013_margin.log,solutions/penguins_trial_013_margin.sol
penguins,14,333,10,3,200,67,66,48,16,0.050,0.950000,0.250,0.955224,33,0.275000,0.886070,9,3,6,9,1 10 15,0 9 11 12 13 14,3,6,1 9 15,0 10 11 12 13 14,8.000001,0,3,6,2 9 15,0 10 11 12 13 14,61.008000,61,1,0.910448,0.910448,0.910448,1.000000,0.969697,0.969697,0.969697,0.984848,0.984848,0.984848,0.984545,0.002613,-0.014848,-0.014848,-0.014848,-0.015152,-0.015152,-0.015152,-0.015152,-0.015152,-0.015152,0.010000,0.010000,0.010000,0.828283,0.828283,0.824916,0.954125,0.865892,0.327417,0.327417,0.294567,0.432583,0.300576,Optimal,Optimal,Optimal,0.00,0.01,0.02,0.012730,0.020236,0.029956,0,0,0,lp/penguins_trial_014.lp,logs/penguins_trial_014.log,solutions/penguins_trial_014.sol,lp/penguins_trial_014_lex.lp,logs/penguins_trial_014_lex.log,solutions/penguins_trial_014_lex.sol,lp/penguins_trial_014_margin.lp,logs/penguins_trial_014_margin.log,solutions/penguins_trial_014_margin.sol
penguins,15,333,10,3,200,67,66,48,16,0.050,0.950000,0.250,0.955224,31,0.258333,0.846642,9,7,2,9,0 8 9 10 12 14 15,5 11,7,2,2 8 9 10 12 13 15,0 11,7.776119,1,7,2,0 8 9 10 11 12 15,3 13,65.007775,65,1,0.955224,0.970149,0.970149,1.000000,0.969697,0.969697,0.969697,1.000000,1.000000,1.000000,0.991818,0.012785,-0.022121,-0.022121,-0.022121,-0.030303,-0.030303,-0.030303,-0.030303,-0.030303,-0.030303,0.082500,0.082500,0.082500,0.802189,0.802189,0.802189,0.960438,0.852820,0.117683,0.139674,0.139674,0.101459,0.117807,Optimal,Optimal,Optimal,0.01,0.01,0.01,0.013106,0.013322,0.020453,0,0,0,lp/penguins_trial_015.lp,logs/penguins_trial_015.log,solutions/penguins_trial_015.sol,lp/penguins_trial_015_lex.lp,logs/penguins_trial_015_lex.log,solutions/penguins_trial_015_lex.sol,lp/penguins_trial_015_margin.lp,logs/penguins_trial_015_margin.log,solutions/penguins_trial_015_margin.sol
penguins,16,333,10,3,200,67,66,48,16,0.050,0.950000,0.250,0.970149,30,0.250000,0.915174,10,8,2,10,6 7 10 11 12 13 14 15,0 9,7,3,2 10 11 12 13 14 15,4 7 8,9.313435,1,7,3,6 10 11 12 13 14 15,3 7 8,67.009313,67,1,1.000000,1.000000,1.000000,1.000000,1.000000,0.984848,1.000000,0.984848,0.984848,0.969697,0.985530,0.003149,0.014470,-0.000682,0.014470,0.015152,0.000000,0.015152,0.015152,0.000000,0.015152,0.977500,0.477500,0.977500,0.829966,0.834007,0.832660,0.983165,0.886202,0.057573,0.094686,0.049558,0.496683,0.228967,Optimal,Optimal,Optimal,0.01,0.01,0.01,0.021539,0.018862,0.017002,0,0,0,lp/penguins_trial_016.lp,logs/penguins_trial_016.log,solutions/penguins_trial_016.sol,lp/penguins_trial_016_lex.lp,logs/penguins_trial_016_lex.log,solutions/penguins_trial_016_lex.sol,lp/penguins_trial_016_margin.lp,logs/penguins_trial_016_margin.log,solutions/penguins_trial_016_margin.sol
penguins,17,333,10,3,200,67,66,48,16,0.050,0.950000,0.250,0.940299,32,0.266667,0.841667,9,2,7,9,1 13,0 9 10 11 12 14 15,2,7,3 13,1 9 10 11 12 14 15,7.716417,1,2,7,3 13,1 9 10 11 12 14 15,66.007716,66,1,1.000000,1.000000,1.000000,1.000000,0.984848,0.984848,0.984848,1.000000,1.000000,0.954545,0.988561,0.013713,-0.003712,-0.003712,-0.003712,-0.015152,-0.015152,-0.015152,-0.015152,-0.015152,-0.015152,0.350000,0.350000,0.350000,0.748316,0.751263,0.751263,0.937290,0.819396,0.128238,0.106577,0.106577,0.081702,0.111142,Optimal,Optimal,Optimal,0.00,0.00,0.01,0.014168,0.010896,0.019190,0,0,0,lp/penguins_trial_017.lp,logs/penguins_trial_017.log,solutions/penguins_trial_017.sol,lp/penguins_trial_017_lex.lp,logs/penguins_trial_017_lex.log,solutions/penguins_trial_017_lex.sol,lp/penguins_trial_017_margin.lp,logs/penguins_trial_017_margin.log,solutions/penguins_trial_017_margin.sol
penguins,18,333,10,3,200,67,66,48,16,0.050,0.950000,0.250,0.940299,42,0.350000,0.889677,6,4,2,6,6 13 14 15,5 12,5,1,6 12 13 14 15,5,5.283583,0,2,4,6 12,5 13 14 15,66.005283,66,0,0.985075,0.985075,0.985075,1.000000,0.984848,0.984848,0.984848,1.000000,1.000000,1.000000,0.996212,0.006750,-0.011364,-0.011364,-0.011364,-0.015152,-0.015152,-0.015152,-0.015152,-0.015152,-0.015152,0.125000,0.125000,0.125000,0.820202,0.820202,0.820202,0.989899,0.894323,0.091804,0.091804,0.091804,-0.001026,0.083710,Optimal,Optimal,Optimal,0.01,0.01,0.01,0.013774,0.012862,0.021967,0,0,0,lp/penguins_trial_018.lp,logs/penguins_trial_018.log,solutions/penguins_trial_018.sol,lp/penguins_trial_018_lex.lp,logs/penguins_trial_018_lex.log,solutions/penguins_trial_018_lex.sol,lp/penguins_trial_018_margin.lp,logs/penguins_trial_018_margin.log,solutions/penguins_trial_018_margin.sol
penguins,19,333,10,3,200,67,66,48,16,0.050,0.950000,0.250,0.940299,34,0.283333,0.851741,9,3,6,9,0 9 14,3 10 11 12 13 15,3,6,1 9 14,0 10 11 12 13 15,7.776120,1,2,7,2 14,0 9 10 11 12 13 15,67.007776,67,1,1.000000,1.000000,1.000000,1.000000,0.984848,0.969697,0.984848,1.000000,1.000000,0.984848,0.991515,0.009919,-0.006667,-0.021818,-0.006667,-0.015152,-0.030303,-0.015152,-0.015152,-0.030303,-0.015152,0.275000,0.040000,0.275000,0.781145,0.781145,0.781145,0.968434,0.845905,0.126836,0.169884,0.126836,0.170729,0.119618,Optimal,Optimal,Optimal,0.00,0.01,0.01,0.013582,0.014243,0.016756,0,0,0,lp/penguins_trial_019.lp,logs/penguins_trial_019.log,solutions/penguins_trial_019.sol,lp/penguins_trial_019_lex.lp,logs/penguins_trial_019_lex.log,solutions/penguins_trial_019_lex.sol,lp/penguins_trial_019_margin.lp,logs/penguins_trial_019_margin.log,solutions/penguins_trial_019_margin.sol
wine,0,178,13,3,107,36,35,48,16,0.050,0.922222,0.250,1.000000,31,0.258333,0.962963,9,7,2,9,0 6 10 11 13 14 15,5 9,7,2,3 6 10 11 13 14 15,0 9,8.499999,1,7,2,1 6 11 12 13 14 15,2 9,35.008499,35,1,0.972222,0.972222,0.972222,0.972222,0.971429,0.971429,0.971429,0.971429,0.971429,0.942857,0.970857,0.004010,0.000571,0.000571,0.000571,0.000000,0.000000,0.000000,0.000000,0.000000,0.000000,0.510000,0.510000,0.510000,0.909524,0.909524,0.920635,0.955556,0.932865,0.241953,0.241953,0.278782,0.484167,0.376084,Optimal,Optimal,Optimal,0.00,0.01,0.01,0.012257,0.013807,0.014682,0,0,0,lp/wine_trial_000.lp,logs/wine_trial_000.log,solutions/wine_trial_000.sol,lp/wine_trial_000_lex.lp,logs/wine_trial_000_lex.log,solutions/wine_trial_000_lex.sol,lp/wine_trial_000_margin.lp,logs/wine_trial_000_margin.log,solutions/wine_trial_000_margin.sol
wine,1,178,13,3,107,36,35,48,16,0.050,0.922222,0.250,0.916667,38,0.316667,0.875000,7,4,3,7,3 9 11 13,5 10 15,4,3,3 9 11 13,5 10 15,6.222221,0,2,5,2 9,5 10 11 13 15,34.006221,34,1,0.944444,0.944444,0.944444,0.972222,0.971429,0.971429,0.971429,0.971429,1.000000,0.971429,0.985000,0.018101,-0.013571,-0.013571,-0.013571,0.000000,0.000000,0.000000,-0.028571,-0.028571,-0.028571,0.262500,0.262500,0.262500,0.855782,0.855782,0.853061,0.923810,0.877299,0.121211,0.121211,0.166010,0.209207,0.157703,Optimal,Optimal,Optimal,0.01,0.00,0.01,0.015162,0.012707,0.019567,0,0,0,lp/wine_trial_001.lp,logs/wine_trial_001.log,solutions/wine_trial_001.sol,lp/wine_trial_001_lex.lp,logs/wine_trial_001_lex.log,solutions/wine_trial_001_lex.sol,lp/wine_trial_001_margin.lp,logs/wine_trial_001_margin.log,solutions/wine_trial_001_margin.sol
wine,2,178,13,3,107,36,35,48,16,0.050,0.950000,0.250,0.944444,55,0.458333,0.925694,6,3,3,6,6 9 14,1 11 15,3,3,1 13 15,3 12 14,5.666668,1,3,3,2 11 15,1 12 14,35.005668,35,1,1.000000,1.000000,1.000000,1.000000,0.971429,0.971429,0.971429,1.000000,1.000000,1.000000,0.984429,0.028899,-0.013000,-0.013000,-0.013000,-0.028571,-0.028571,-0.028571,-0.028571,-0.028571,-0.028571,0.217500,0.217500,0.217500,0.904762,0.906667,0.906667,0.899048,0.918476,0.165243,0.142019,0.142019,0.167291,0.076085,Optimal,Optimal,Optimal,0.01,0.02,0.02,0.015653,0.026023,0.031566,0,0,0,lp/wine_trial_002.lp,logs/wine_trial_002.log,solutions/wine_trial_002.sol,lp/wine_trial_002_lex.lp,logs/wine_trial_002_lex.log,solutions/wine_trial_002_lex.sol,lp/wine_trial_002_margin.lp,logs/wine_trial_002_margin.log,solutions/wine_trial_002_margin.sol
wine,3,178,13,3,107,36,35,48,16,0.050,0.950000,0.250,0.944444,69,0.575000,0.937731,4,3,1,4,0 14 15,2,3,1,1 14 15,0,3.833334,1,3,1,0 14 15,1,36.003834,36,1,1.000000,1.000000,1.000000,1.000000,0.942857,0.942857,0.942857,0.942857,0.971429,0.942857,0.936000,0.028245,0.006857,0.006857,0.006857,0.000000,0.000000,0.000000,-0.028571,-0.028571,-0.028571,0.595000,0.595000,0.595000,0.885714,0.866667,0.866667,0.876190,0.855310,0.243237,0.161347,0.161347,0.214812,0.195427,Optimal,Optimal,Optimal,0.01,0.01,0.01,0.016874,0.017925,0.023174,0,0,0,lp/wine_trial_003.lp,logs/wine_trial_003.log,solutions/wine_trial_003.sol,lp/wine_trial_003_lex.lp,logs/wine_trial_003_lex.log,solutions/wine_trial_003_lex.sol,lp/wine_trial_003_margin.lp,logs/wine_trial_003_margin.log,solutions/wine_trial_003_margin.sol
wine,4,178,13,3,107,36,35,48,16,0.050,0.922222,0.250,0.972222,33,0.275000,0.921991,9,6,3,9,6 8 9 10 11 15,5 7 12,6,3,2 8 9 10 11 15,6 7 12,8.388888,1,7,2,4 7 8 9 10 11 15,6 12,35.008388,35,1,0.972222,0.972222,0.972222,0.944444,0.971429,1.000000,1.000000,1.000000,1.000000,0.971429,0.997143,0.008593,-0.025714,0.002857,0.002857,-0.028571,0.000000,0.000000,-0.028571,0.000000,0.000000,0.050000,0.550000,0.550000,0.857143,0.857937,0.857937,0.946032,0.874373,0.167714,0.104468,0.104468,0.031597,0.109327,Optimal,Optimal,Optimal,0.00,0.01,0.01,0.011779,0.013266,0.020216,0,0,0,lp/wine_trial_004.lp,logs/wine_trial_004.log,solutions/wine_trial_004.sol,lp/wine_trial_004_lex.lp,logs/wine_trial_004_lex.log,solutions/wine_trial_004_lex.sol,lp/wine_trial_004_margin.lp,logs/wine_trial_004_margin.log,solutions/wine_trial_004_margin.sol
wine,5,178,13,3,107,36,35,48,16,0.050,0.894444,0.250,0.944444,39,0.325000,0.906250,7,5,2,7,4 8 11 13 15,0 9,5,2,4 8 11 13 15,0 9,6.361111,0,4,3,3 8 9 15,2 11 13,34.006361,34,1,0.944444,0.944444,0.944444,0.944444,1.000000,1.000000,1.000000,0.971429,1.000000,1.000000,0.990857,0.017601,0.009143,0.009143,0.009143,0.028571,0.028571,0.028571,0.000000,0.000000,0.000000,0.622500,0.622500,0.622500,0.859864,0.859864,0.842177,0.940136,0.891884,0.074576,0.074576,0.138719,0.178787,0.119432,Optimal,Optimal,Optimal,0.00,0.01,0.01,0.012710,0.013664,0.019708,0,0,0,lp/wine_trial_005.lp,logs/wine_trial_005.log,solutions/wine_trial_005.sol,lp/wine_trial_005_lex.lp,logs/wine_trial_005_lex.log,solutions/wine_trial_005_lex.sol,lp/wine_trial_005_margin.lp,logs/wine_trial_005_margin.log,solutions/wine_trial_005_margin.sol
wine,6,178,13,3,107,36,35,48,16,0.050,0.922222,0.250,0.944444,42,0.350000,0.912963,8,5,3,8,6 9 10 12 15,4 5 14,6,2,2 3 10 12 14 15,1 4,7.416666,1,6,2,0 4 10 12 14 15,2 3,34.007416,34,1,0.944444,0.972222,0.972222,0.972222,0.914286,0.942857,0.942857,0.942857,0.942857,0.971429,0.947714,0.014636,-0.033429,-0.004857,-0.004857,-0.028571,0.000000,0.000000,-0.028571,0.000000,0.000000,0.030000,0.415000,0.415000,0.897959,0.906122,0.904082,0.931633,0.921913,0.469517,0.459147,0.414413,0.523084,0.470890,Optimal,Optimal,Optimal,0.04,0.01,0.02,0.052844,0.014431,0.029578,0,0,0,lp/wine_trial_006.lp,logs/wine_trial_006.log,solutions/wine_trial_006.sol,lp/wine_trial_006_lex.lp,logs/wine_trial_006_lex.log,solutions/wine_trial_006_lex.sol,lp/wine_trial_006_margin.lp,logs/wine_trial_006_margin.log,solutions/wine_trial_006_margin.sol
wine,7,178,13,3,107,36,35,48,16,0.050,0.950000,0.250,1.000000,37,0.308333,0.959259,9,2,7,9,4 10,7 9 11 12 13 14 15,2,7,8 9,7 10 11 12 13 14 15,8.666666,1,2,7,6 10,2 9 11 12 13 14 15,36.008666,36,1,1.000000,1.000000,1.000000,1.000000,1.000000,1.000000,0.971429,0.971429,1.000000,1.000000,0.985286,0.014315,0.014714,0.014714,-0.013857,0.028571,0.028571,0.000000,0.000000,0.000000,-0.028571,0.757500,0.757500,0.257500,0.880952,0.880952,0.888889,0.963492,0.920357,0.120653,0.107031,0.184717,0.330223,0.214839,Optimal,Optimal,Optimal,0.01,0.01,0.01,0.013913,0.013116,0.014104,0,0,0,lp/wine_trial_007.lp,logs/wine_trial_007.log,solutions/wine_trial_007.sol,lp/wine_trial_007_lex.lp,logs/wine_trial_007_lex.log,solutions/wine_trial_007_lex.sol,lp/wine_trial_007_margin.lp,logs/wine_trial_007_margin.log,solutions/wine_trial_007_margin.sol
wine,8,178,13,3,107,36,35,48,16,0.050,0.922222,0.250,0.944444,32,0.266667,0.874537,9,8,1,9,0 9 10 11 12 13 14 15,5,7,2,3 10 11 12 13 14 15,0 9,7.999999,1,7,2,5 10 11 12 13 14 15,1 9,36.007999,36,1,1.000000,1.000000,1.000000,0.944444,0.914286,0.914286,0.942857,0.971429,0.971429,0.942857,0.966857,0.011614,-0.052571,-0.052571,-0.024000,-0.057143,-0.057143,-0.028571,-0.057143,-0.057143,-0.028571,0.007500,0.007500,0.080000,0.851587,0.851587,0.850794,0.968254,0.892726,0.359997,0.359997,0.341499,0.620634,0.382084,Optimal,Optimal,Optimal,0.01,0.00,0.01,0.014190,0.012449,0.014171,0,0,0,lp/wine_trial_008.lp,logs/wine_trial_008.log,solutions/wine_trial_008.sol,lp/wine_trial_008_lex.lp,logs/wine_trial_008_lex.log,solutions/wine_trial_008_lex.sol,lp/wine_trial_008_margin.lp,logs/wine_trial_008_margin.log,solutions/wine_trial_008_margin.sol
wine,9,178,13,3,107,36,35,48,16,0.050,0.922222,0.250,0.972222,46,0.383333,0.924769,7,6,1,7,1 11 12 13 14 15,0,6,1,1 11 12 13 14 15,0,6.416667,0,6,1,3 11 12 13 14 15,2,35.006417,35,1,0.972222,0.972222,0.972222,0.972222,1.000000,1.000000,1.000000,1.000000,1.000000,1.000000,0.998857,0.005613,0.001143,0.001143,0.001143,0.000000,0.000000,0.000000,0.000000,0.000000,0.000000,0.520000,0.520000,0.520000,0.915646,0.915646,0.915646,0.978231,0.924605,0.104237,0.104237,0.104237,0.033173,0.062525,Optimal,Optimal,Optimal,0.01,0.01,0.01,0.013934,0.015106,0.015201,0,0,0,lp/wine_trial_009.lp,logs/wine_trial_009.log,solutions/wine_trial_009.sol,lp/wine_trial_009_lex.lp,logs/wine_trial_009_lex.log,solutions/wine_trial_009_lex.sol,lp/wine_trial_009_margin.lp,logs/wine_trial_009_margin.log,solutions/wine_trial_009_margin.sol
wine,10,178,13,3,107,36,35,48,16,0.050,0.922222,0.250,0.944444,71,0.591667,0.935417,5,3,2,5,2 6 13,1 10,4,1,4 9 10 15,0,4.749999,1,3,2,3 10 13,5 8,36.004749,36,1,1.000000,0.972222,1.000000,0.972222,0.971429,0.971429,0.971429,0.971429,1.000000,0.914286,0.976000,0.019728,-0.004571,-0.004571,-0.004571,0.000000,0.000000,0.000000,-0.028571,-0.028571,-0.028571,0.420000,0.420000,0.420000,0.937143,0.820000,0.897143,0.911429,0.876743,0.149693,0.184734,0.201647,0.206873,0.148272,Optimal,Optimal,Optimal,0.02,0.01,0.01,0.026336,0.018508,0.023131,0,0,0,lp/wine_trial_010.lp,logs/wine_trial_010.log,solutions/wine_trial_010.sol,lp/wine_trial_010_lex.lp,logs/wine_trial_010_lex.log,solutions/wine_trial_010_lex.sol,lp/wine_trial_010_margin.lp,logs/wine_trial_010_margin.log,solutions/wine_trial_010_margin.sol
wine,11,178,13,3,107,36,35,48,16,0.050,0.950000,0.250,0.972222,34,0.283333,0.937731,8,3,5,8,0 10 12,1 11 13 14 15,3,5,0 10 12,1 11 13 14 15,7.611110,0,3,5,1 12 14,0 10 11 13 15,36.007610,36,0,1.000000,1.000000,1.000000,1.000000,0.971429,0.971429,0.971429,0.914286,0.914286,0.914286,0.938857,0.027628,0.032571,0.032571,0.032571,0.057143,0.057143,0.057143,0.057143,0.057143,0.057143,0.832500,0.832500,0.832500,0.954082,0.954082,0.954082,0.914286,0.924724,0.156967,0.156967,0.156967,0.436954,0.339071,Optimal,Optimal,Optimal,0.00,0.03,0.04,0.013304,0.040568,0.051658,0,0,0,lp/wine_trial_011.lp,logs/wine_trial_011.log,solutions/wine_trial_011.sol,lp/wine_trial_011_lex.lp,logs/wine_trial_011_lex.log,solutions/wine_trial_011_lex.sol,lp/wine_trial_011_margin.lp,logs/wine_trial_011_margin.log,solutions/wine_trial_011_margin.sol
wine,12,178,13,3,107,36,35,48,16,0.050,0.950000,0.250,0.972222,56,0.466667,0.953241,7,4,3,7,0 11 13 14,6 12 15,4,3,7 12 14 15,8 9 10,6.666666,1,5,2,7 9 12 14 15,8 10,35.006666,35,1,0.972222,0.972222,0.972222,1.000000,1.000000,0.971429,0.971429,0.971429,0.971429,1.000000,0.972000,0.004928,0.028000,-0.000571,-0.000571,0.028571,0.000000,0.000000,0.028571,0.000000,0.000000,0.987500,0.490000,0.490000,0.828571,0.863946,0.863946,0.961905,0.902707,0.036791,0.271983,0.271983,0.499913,0.329492,Optimal,Optimal,Optimal,0.02,0.02,0.02,0.024611,0.027613,0.026060,0,0,0,lp/wine_trial_012.lp,logs/wine_trial_012.log,solutions/wine_trial_012.sol,lp/wine_trial_012_lex.lp,logs/wine_trial_012_lex.log,solutions/wine_trial_012_lex.sol,lp/wine_trial_012_margin.lp,logs/wine_trial_012_margin.log,solutions/wine_trial_012_margin.sol
wine,13,178,13,3,107,36,35,48,16,0.050,0.950000,0.250,0.972222,54,0.450000,0.950000,6,4,2,6,1 12 14 15,2 13,5,1,1 12 13 14 15,0,5.749999,1,4,2,0 12 14 15,2 13,36.005749,36,1,1.000000,1.000000,1.000000,1.000000,0.942857,0.914286,0.914286,0.942857,0.942857,0.942857,0.933571,0.015672,0.009286,-0.019286,-0.019286,0.000000,-0.028571,-0.028571,0.000000,-0.028571,-0.028571,0.660000,0.180000,0.180000,0.876190,0.878095,0.878095,0.950476,0.905333,0.396164,0.392823,0.392823,0.650661,0.430428,Optimal,Optimal,Optimal,0.01,0.01,0.01,0.016051,0.014673,0.016805,0,0,0,lp/wine_trial_013.lp,logs/wine_trial_013.log,solutions/wine_trial_013.sol,lp/wine_trial_013_lex.lp,logs/wine_trial_013_lex.log,solutions/wine_trial_013_lex.sol,lp/wine_trial_013_margin.lp,logs/wine_trial_013_margin.log,solutions/wine_trial_013_margin.sol
wine,14,178,13,3,107,36,35,48,16,0.050,0.922222,0.250,0.944444,55,0.458333,0.921065,5,3,2,5,3 7 13,0 8,3,2,2 3 13,0 8,4.722222,1,2,3,2 3,1 10 13,35.004722,35,1,0.972222,0.972222,0.972222,0.972222,1.000000,1.000000,0.942857,0.914286,1.000000,0.971429,0.969571,0.032542,0.030429,0.030429,-0.026714,0.085714,0.085714,0.028571,0.000000,0.000000,-0.057143,0.787500,0.787500,0.242500,0.920000,0.908571,0.914286,0.937143,0.886343,0.068192,0.116407,0.191667,0.284247,0.153166,Optimal,Optimal,Optimal,0.01,0.02,0.03,0.017388,0.026875,0.039878,0,0,0,lp/wine_trial_014.lp,logs/wine_trial_014.log,solutions/wine_trial_014.sol,lp/wine_trial_014_lex.lp,logs/wine_trial_014_lex.log,solutions/wine_trial_014_lex.sol,lp/wine_trial_014_margin.lp,logs/wine_trial_014_margin.log,solutions/wine_trial_014_margin.sol
wine,15,178,13,3,107,36,35,48,16,0.050,0.950000,0.250,0.944444,53,0.441667,0.916898,7,5,2,7,0 11 13 14 15,1 12,5,2,0 12 13 14 15,1 11,6.472223,0,5,2,2 11 13 14 15,0 12,36.006473,36,1,1.000000,1.000000,1.000000,1.000000,0.942857,0.942857,0.942857,0.942857,0.942857,0.942857,0.948429,0.016872,-0.005571,-0.005571,-0.005571,0.000000,0.000000,0.000000,0.000000,0.000000,0.000000,0.407500,0.407500,0.407500,0.850340,0.850340,0.866667,0.923810,0.878905,0.381888,0.381888,0.427913,0.481889,0.332645,Optimal,Optimal,Optimal,0.02,0.02,0.02,0.032559,0.027389,0.027400,0,0,0,lp/wine_trial_015.lp,logs/wine_trial_015.log,solutions/wine_trial_015.sol,lp/wine_trial_015_lex.lp,logs/wine_trial_015_lex.log,solutions/wine_trial_015_lex.sol,lp/wine_trial_015_margin.lp,logs/wine_trial_015_margin.log,solutions/wine_trial_015_margin.sol
wine,16,178,13,3,107,36,35,48,16,0.050,0.950000,0.250,0.972222,49,0.408333,0.923611,7,6,1,7,1 11 12 13 14 15,0,6,1,1 11 12 13 14 15,0,6.444445,0,6,1,6 11 12 13 14 15,2,35.006445,35,1,0.972222,0.972222,0.972222,1.000000,0.942857,0.942857,0.971429,0.942857,0.914286,0.942857,0.936714,0.018536,0.006143,0.006143,0.034714,0.000000,0.000000,0.028571,0.028571,0.028571,0.057143,0.607500,0.607500,0.937500,0.848980,0.848980,0.838095,0.951020,0.896871,0.260849,0.260849,0.216230,0.645790,0.423271,Optimal,Optimal,Optimal,0.01,0.01,0.01,0.016008,0.015856,0.021692,0,0,0,lp/wine_trial_016.lp,logs/wine_trial_016.log,solutions/wine_trial_016.sol,lp/wine_trial_016_lex.lp,logs/wine_trial_016_lex.log,solutions/wine_trial_016_lex.sol,lp/wine_trial_016_margin.lp,logs/wine_trial_016_margin.log,solutions/wine_trial_016_margin.sol
wine,17,178,13,3,107,36,35,48,16,0.050,0.950000,0.250,0.944444,52,0.433333,0.922685,5,4,1,5,1 13 14 15,0,4,1,1 13 14 15,0,4.722223,0,4,1,0 13 14 15,2,36.004723,36,1,1.000000,1.000000,1.000000,1.000000,0.971429,0.971429,0.914286,0.971429,0.942857,0.942857,0.954286,0.025297,0.017143,0.017143,-0.040000,0.000000,0.000000,-0.057143,0.028571,0.028571,-0.028571,0.715000,0.715000,0.082500,0.854286,0.854286,0.825714,0.925714,0.887471,0.277666,0.277666,0.286332,0.576615,0.277256,Optimal,Optimal,Optimal,0.01,0.01,0.01,0.015210,0.014381,0.016265,0,0,0,lp/wine_trial_017.lp,logs/wine_trial_017.log,solutions/wine_trial_017.sol,lp/wine_trial_017_lex.lp,logs/wine_trial_017_lex.log,solutions/wine_trial_017_lex.sol,lp/wine_trial_017_margin.lp,logs/wine_trial_017_margin.log,solutions/wine_trial_017_margin.sol
wine,18,178,13,3,107,36,35,48,16,0.050,0.922222,0.250,0.916667,48,0.400000,0.892361,5,4,1,5,1 10 13 15,0,4,1,1 10 13 15,0,4.583333,0,2,3,0 15,8 10 13,35.004583,35,1,1.000000,1.000000,1.000000,0.944444,0.971429,0.971429,0.942857,0.914286,0.942857,0.942857,0.942000,0.020637,0.029429,0.029429,0.000857,0.057143,0.057143,0.028571,0.028571,0.028571,0.000000,0.885000,0.885000,0.512500,0.920000,0.920000,0.900000,0.960000,0.922400,0.350070,0.350070,0.259368,0.697477,0.444539,Optimal,Optimal,Optimal,0.00,0.01,0.01,0.014101,0.014095,0.021679,0,0,0,lp/wine_trial_018.lp,logs/wine_trial_018.log,solutions/wine_trial_018.sol,lp/wine_trial_018_lex.lp,logs/wine_trial_018_lex.log,solutions/wine_trial_018_lex.sol,lp/wine_trial_018_margin.lp,logs/wine_trial_018_margin.log,solutions/wine_trial_018_margin.sol
wine,19,178,13,3,107,36,35,48,16,0.050,0.922222,0.250,0.944444,59,0.491667,0.927083,6,2,4,6,7 9,0 10 11 13,3,3,0 6 13,1 4 11,5.638888,1,3,3,2 9 11,0 5 13,34.005638,34,1,0.972222,0.972222,0.972222,0.972222,1.000000,1.000000,1.000000,1.000000,1.000000,1.000000,0.988143,0.015498,0.011857,0.011857,0.011857,0.000000,0.000000,0.000000,0.000000,0.000000,0.000000,0.695000,0.695000,0.695000,0.885714,0.916190,0.918095,0.960000,0.922790,0.067110,0.098944,0.009048,0.117647,0.164776,Optimal,Optimal,Optimal,0.05,0.01,0.06,0.059864,0.014409,0.072673,0,0,0,lp/wine_trial_019.lp,logs/wine_trial_019.log,solutions/wine_trial_019.sol,lp/wine_trial_019_lex.lp,logs/wine_trial_019_lex.log,solutions/wine_trial_019_lex.sol,lp/wine_trial_019_margin.lp,logs/wine_trial_019_margin.log,solutions/wine_trial_019_margin.sol
wdbc,0,569,30,2,341,113,115,48,16,0.050,0.941150,0.250,0.938053,35,0.291667,0.922788,6,3,3,6,3 7 11,0 12 15,3,3,3 5 7,0 9 12,5.707965,1,3,3,0 9 12,3 6 7,111.005708,111,1,0.982301,0.991150,0.991150,0.991150,0.973913,0.973913,0.973913,0.947826,0.973913,0.947826,0.964522,0.011869,0.009391,0.009391,0.009391,0.026087,0.026087,0.026087,0.000000,0.000000,0.000000,0.742500,0.742500,0.742500,0.936812,0.928116,0.928116,0.957101,0.934270,0.441139,0.411193,0.411193,0.672423,0.460522,Optimal,Optimal,Optimal,0.01,0.01,0.03,0.017601,0.014146,0.036538,0,0,0,lp/wdbc_trial_000.lp,logs/wdbc_trial_000.log,solutions/wdbc_trial_000.sol,lp/wdbc_trial_000_lex.lp,logs/wdbc_trial_000_lex.log,solutions/wdbc_trial_000_lex.sol,lp/wdbc_trial_000_margin.lp,logs/wdbc_trial_000_margin.log,solutions/wdbc_trial_000_margin.sol
wdbc,1,569,30,2,341,113,115,48,16,0.050,0.914602,0.250,0.955752,35,0.291667,0.937168,6,3,3,6,2 6 13,0 5 11,3,3,1 7 13,0 5 9,5.646019,1,3,3,0 10 12,1 9 15,109.005620,109,1,0.973451,0.973451,0.964602,0.964602,0.973913,0.973913,0.965217,0.973913,0.965217,0.973913,0.959261,0.017793,0.014652,0.014652,0.005957,0.000000,0.000000,-0.008696,0.008696,0.008696,0.000000,0.865000,0.865000,0.577500,0.933913,0.935652,0.927536,0.983768,0.934241,0.482644,0.502060,0.492310,0.758664,0.515394,Optimal,Optimal,Optimal,0.01,0.01,0.09,0.016437,0.023543,0.099277,0,0,0,lp/wdbc_trial_001.lp,logs/wdbc_trial_001.log,solutions/wdbc_trial_001.sol,lp/wdbc_trial_001_lex.lp,logs/wdbc_trial_001_lex.log,solutions/wdbc_trial_001_lex.sol,lp/wdbc_trial_001_margin.lp,logs/wdbc_trial_001_margin.log,solutions/wdbc_trial_001_margin.sol
wdbc,2,569,30,2,341,113,115,48,16,0.050,0.941150,0.250,0.973451,34,0.283333,0.958407,8,4,4,8,2 9 12 14,3 10 13 15,4,4,1 9 11 14,2 7 10 12,7.681417,1,4,4,1 8 11 14,2 7 10 12,110.007682,110,1,0.982301,0.991150,0.991150,0.982301,0.930435,0.930435,0.930435,0.965217,0.939130,0.965217,0.939000,0.015086,-0.008565,-0.008565,-0.008565,-0.034783,-0.034783,-0.034783,-0.008696,-0.008696,-0.008696,0.295000,0.295000,0.295000,0.916460,0.921118,0.926087,0.953416,0.926776,0.580011,0.551400,0.563461,0.626814,0.570853,Optimal,Optimal,Optimal,0.01,0.01,0.01,0.019055,0.012882,0.021739,0,0,0,lp/wdbc_trial_002.lp,logs/wdbc_trial_002.log,solutions/wdbc_trial_002.sol,lp/wdbc_trial_002_lex.lp,logs/wdbc_trial_002_lex.log,solutions/wdbc_trial_002_lex.sol,lp/wdbc_trial_002_margin.lp,logs/wdbc_trial_002_margin.log,solutions/wdbc_trial_002_margin.sol
wdbc,3,569,30,2,341,113,115,48,16,0.050,0.923451,0.250,0.973451,31,0.258333,0.928540,8,3,5,8,1 13 14,2 4 5 10 11,3,5,1 13 14,0 4 5 10 12,7.451326,1,3,5,0 10 11,1 4 5 13 14,109.007452,109,1,0.973451,0.973451,0.973451,0.973451,0.947826,0.965217,0.965217,0.965217,0.921739,0.973913,0.930087,0.026881,0.017739,0.035130,0.035130,-0.017391,0.000000,0.000000,0.026087,0.043478,0.043478,0.697500,0.892500,0.892500,0.918012,0.920186,0.920186,0.945963,0.927443,0.468013,0.477701,0.477701,0.567455,0.566264,Optimal,Optimal,Optimal,0.00,0.00,0.02,0.014160,0.011964,0.029803,0,0,0,lp/wdbc_trial_003.lp,logs/wdbc_trial_003.log,solutions/wdbc_trial_003.sol,lp/wdbc_trial_003_lex.lp,logs/wdbc_trial_003_lex.log,solutions/wdbc_trial_003_lex.sol,lp/wdbc_trial_003_margin.lp,logs/wdbc_trial_003_margin.log,solutions/wdbc_trial_003_margin.sol
wdbc,4,569,30,2,341,113,115,48,16,0.050,0.923451,0.250,0.973451,32,0.266667,0.942183,9,3,6,9,3 11 15,2 9 10 12 13 14,3,6,2 11 15,3 9 10 12 13 14,8.345132,0,3,6,3 11 15,2 9 10 12 13 14,109.008346,109,0,0.964602,0.964602,0.964602,0.955752,0.939130,0.939130,0.939130,0.965217,0.947826,0.956522,0.941913,0.012290,-0.002783,-0.002783,-0.002783,-0.026087,-0.026087,-0.026087,-0.008696,-0.008696,-0.008696,0.410000,0.410000,0.410000,0.874396,0.874396,0.874396,0.930435,0.893756,0.327550,0.327550,0.327550,0.484594,0.368884,Optimal,Optimal,Optimal,0.00,0.00,0.01,0.017445,0.012586,0.021366,0,0,0,lp/wdbc_trial_004.lp,logs/wdbc_trial_004.log,solutions/wdbc_trial_004.sol,lp/wdbc_trial_004_lex.lp,logs/wdbc_trial_004_lex.log,solutions/wdbc_trial_004_lex.sol,lp/wdbc_trial_004_margin.lp,logs/wdbc_trial_004_margin.log,solutions/wdbc_trial_004_margin.sol
wdbc,5,569,30,2,341,113,115,48,16,0.050,0.879204,0.250,0.920354,41,0.341667,0.906268,7,4,3,7,6 7 13 15,4 11 14,5,2,0 11 13 14 15,1 7,6.300885,1,3,4,1 7 15,0 11 13 14,106.006301,106,1,0.920354,0.938053,0.938053,0.929204,0.982609,0.991304,0.991304,0.991304,0.991304,0.991304,0.987696,0.008419,-0.005087,0.003609,0.003609,-0.008696,0.000000,0.000000,-0.008696,0.000000,0.000000,0.272500,0.635000,0.635000,0.937060,0.939545,0.939545,0.973499,0.943834,0.222683,0.141868,0.141868,0.231460,0.205828,Optimal,Optimal,Optimal,0.01,0.09,0.35,0.017266,0.104212,0.364649,0,0,6,lp/wdbc_trial_005.lp,logs/wdbc_trial_005.log,solutions/wdbc_trial_005.sol,lp/wdbc_trial_005_lex.lp,logs/wdbc_trial_005_lex.log,solutions/wdbc_trial_005_lex.sol,lp/wdbc_trial_005_margin.lp,logs/wdbc_trial_005_margin.log,solutions/wdbc_trial_005_margin.sol
wdbc,6,569,30,2,341,113,115,48,17,0.050,0.914602,0.250,0.964602,36,0.264706,0.942478,9,4,5,9,5 10 11 15,3 7 8 9 14,3,6,3 10 14,1 5 7 8 9 15,8.415931,1,3,6,1 5 9,3 7 8 10 14 15,107.008415,107,1,0.946903,0.946903,0.946903,0.955752,0.947826,0.956522,0.956522,0.956522,0.939130,0.939130,0.947826,0.008761,0.000000,0.008696,0.008696,-0.008696,0.000000,0.000000,0.008696,0.017391,0.017391,0.500000,0.812500,0.812500,0.916908,0.918841,0.918841,0.958454,0.937976,0.469819,0.468399,0.468399,0.653731,0.560947,Optimal,Optimal,Optimal,0.01,0.04,0.18,0.017016,0.049594,0.194046,0,0,0,lp/wdbc_trial_006.lp,logs/wdbc_trial_006.log,solutions/wdbc_trial_006.sol,lp/wdbc_trial_006_lex.lp,logs/wdbc_trial_006_lex.log,solutions/wdbc_trial_006_lex.sol,lp/wdbc_trial_006_margin.lp,logs/wdbc_trial_006_margin.log,solutions/wdbc_trial_006_margin.sol
wdbc,7,569,30,2,341,113,115,48,16,0.050,0.896903,0.250,0.946903,37,0.308333,0.918953,8,3,5,8,5 13 14,2 7 8 11 15,2,6,2 13,1 5 7 8 11 15,7.309734,1,2,6,2 13,1 5 7 8 11 15,106.007311,106,1,0.946903,0.946903,0.946903,0.946903,0.956522,0.956522,0.956522,0.956522,0.956522,0.956522,0.954565,0.004566,0.001957,0.001957,0.001957,0.000000,0.000000,0.000000,0.000000,0.000000,0.000000,0.607500,0.607500,0.607500,0.908385,0.913354,0.913354,0.956522,0.931874,0.400850,0.422906,0.422906,0.615188,0.490311,Optimal,Optimal,Optimal,0.01,0.00,0.09,0.017831,0.012667,0.098694,0,0,2,lp/wdbc_trial_007.lp,logs/wdbc_trial_007.log,solutions/wdbc_trial_007.sol,lp/wdbc_trial_007_lex.lp,logs/wdbc_trial_007_lex.log,solutions/wdbc_trial_007_lex.sol,lp/wdbc_trial_007_margin.lp,logs/wdbc_trial_007_margin.log,solutions/wdbc_trial_007_margin.sol
wdbc,8,569,30,2,341,113,115,48,16,0.050,0.923451,0.250,0.955752,31,0.258333,0.931047,9,2,7,9,5 13,3 7 8 10 12 14 15,4,5,7 8 12 13,3 5 10 14 15,8.362833,0,3,6,8 12 13,3 5 7 10 14 15,108.008362,108,0,0.955752,0.955752,0.955752,0.955752,0.947826,0.947826,0.947826,0.956522,0.956522,0.956522,0.963261,0.006721,-0.015435,-0.015435,-0.015435,-0.008696,-0.008696,-0.008696,-0.008696,-0.008696,-0.008696,0.025000,0.025000,0.025000,0.896618,0.896618,0.896618,0.964734,0.925229,0.322866,0.322866,0.322866,0.619870,0.418897,Optimal,Optimal,Optimal,0.00,0.00,0.01,0.014861,0.012589,0.019317,0,0,0,lp/wdbc_trial_008.lp,logs/wdbc_trial_008.log,solutions/wdbc_trial_008.sol,lp/wdbc_trial_008_lex.lp,logs/wdbc_trial_008_lex.log,solutions/wdbc_trial_008_lex.sol,lp/wdbc_trial_008_margin.lp,logs/wdbc_trial_008_margin.log,solutions/wdbc_trial_008_margin.sol
wdbc,9,569,30,2,341,113,115,48,16,0.050,0.923451,0.250,0.973451,43,0.358333,0.951696,7,2,5,7,1 10,0 2 7 9 14,2,5,8 13,2 3 7 11 14,6.646018,1,4,3,2 7 10 13,3 8 11,110.006646,110,1,0.946903,0.964602,0.973451,0.973451,0.921739,0.973913,0.973913,0.973913,0.973913,0.973913,0.960000,0.014535,-0.038261,0.013913,0.013913,-0.052174,0.000000,0.000000,-0.052174,0.000000,0.000000,0.047500,0.872500,0.872500,0.936232,0.937060,0.939545,0.961077,0.940265,0.547717,0.509486,0.508048,0.568749,0.514834,Optimal,Optimal,Optimal,0.01,0.02,0.03,0.014423,0.030123,0.039946,0,0,0,lp/wdbc_trial_009.lp,logs/wdbc_trial_009.log,solutions/wdbc_trial_009.sol,lp/wdbc_trial_009_lex.lp,logs/wdbc_trial_009_lex.log,solutions/wdbc_trial_009_lex.sol,lp/wdbc_trial_009_margin.lp,logs/wdbc_trial_009_margin.log,solutions/wdbc_trial_009_margin.sol
wdbc,10,569,30,2,341,113,115,48,16,0.050,0.923451,0.250,0.929204,33,0.275000,0.900074,9,4,5,9,6 7 12 14,1 8 9 11 13,4,5,1 6 8 12,0 9 11 13 14,8.185841,1,4,5,0 6 10 12,1 8 9 11 13,108.008186,108,1,0.938053,0.955752,0.955752,0.973451,0.921739,0.921739,0.921739,0.930435,0.921739,0.939130,0.925478,0.006553,-0.003739,-0.003739,-0.003739,-0.008696,-0.008696,-0.008696,0.000000,0.000000,0.000000,0.352500,0.352500,0.352500,0.915942,0.918357,0.918357,0.957488,0.930002,0.491028,0.494951,0.494951,0.711787,0.570783,Optimal,Optimal,Optimal,0.00,0.01,0.05,0.016092,0.017026,0.056249,0,0,0,lp/wdbc_trial_010.lp,logs/wdbc_trial_010.log,solutions/wdbc_trial_010.sol,lp/wdbc_trial_010_lex.lp,logs/wdbc_trial_010_lex.log,solutions/wdbc_trial_010_lex.sol,lp/wdbc_trial_010_margin.lp,logs/wdbc_trial_010_margin.log,solutions/wdbc_trial_010_margin.sol
wdbc,11,569,30,2,341,113,115,48,16,0.050,0.905752,0.250,0.946903,33,0.275000,0.925811,8,3,5,8,0 12 14,2 6 8 9 13,3,5,0 12 15,2 6 8 9 13,7.380531,1,4,4,3 7 11 15,1 5 9 14,107.007373,107,1,0.955752,0.955752,0.964602,0.955752,0.973913,0.973913,0.965217,0.973913,0.973913,0.947826,0.962826,0.014189,0.011087,0.011087,0.002391,0.000000,0.000000,-0.008696,0.000000,0.000000,-0.008696,0.755000,0.755000,0.452500,0.861801,0.863354,0.892857,0.934472,0.890233,0.225802,0.228356,0.336043,0.445849,0.304137,Optimal,Optimal,Optimal,0.04,0.02,0.14,0.050834,0.029845,0.145111,0,0,0,lp/wdbc_trial_011.lp,logs/wdbc_trial_011.log,solutions/wdbc_trial_011.sol,lp/wdbc_trial_011_lex.lp,logs/wdbc_trial_011_lex.log,solutions/wdbc_trial_011_lex.sol,lp/wdbc_trial_011_margin.lp,logs/wdbc_trial_011_margin.log,solutions/wdbc_trial_011_margin.sol
wdbc,12,569,30,2,341,113,115,48,16,0.050,0.941150,0.250,0.955752,31,0.258333,0.921829,8,4,4,8,0 8 9 15,6 7 11 12,4,4,3 8 11 15,0 7 9 10,7.486724,1,4,4,0 7 8 11,3 9 12 15,108.007487,108,1,0.982301,0.991150,0.991150,0.991150,0.982609,0.973913,0.982609,0.973913,0.991304,0.965217,0.981435,0.006678,0.001174,-0.007522,0.001174,0.008696,0.000000,0.008696,-0.008696,-0.017391,-0.008696,0.550000,0.167500,0.550000,0.936025,0.942236,0.942547,0.972050,0.941820,0.304124,0.363471,0.348180,0.552990,0.371326,Optimal,Optimal,Optimal,0.01,0.01,0.02,0.027044,0.013342,0.024845,0,0,0,lp/wdbc_trial_012.lp,logs/wdbc_trial_012.log,solutions/wdbc_trial_012.sol,lp/wdbc_trial_012_lex.lp,logs/wdbc_trial_012_lex.log,solutions/wdbc_trial_012_lex.sol,lp/wdbc_trial_012_margin.lp,logs/wdbc_trial_012_margin.log,solutions/wdbc_trial_012_margin.sol
wdbc,13,569,30,2,341,113,115,48,16,0.050,0.941150,0.250,0.973451,31,0.258333,0.944690,9,4,5,9,4 10 13 14,3 7 9 12 15,5,4,2 5 7 13 14,1 9 12 15,8.522125,1,4,5,2 5 7 13,0 9 12 14 15,111.008521,111,1,0.982301,0.982301,0.982301,0.982301,0.947826,0.973913,0.973913,0.965217,0.965217,0.965217,0.952087,0.014137,-0.004261,0.021826,0.021826,-0.017391,0.008696,0.008696,-0.017391,0.008696,0.008696,0.415000,0.940000,0.940000,0.937198,0.931884,0.933816,0.953140,0.944889,0.487804,0.417741,0.431181,0.561131,0.535709,Optimal,Optimal,Optimal,0.04,0.00,0.01,0.049256,0.012656,0.019566,0,0,0,lp/wdbc_trial_013.lp,logs/wdbc_trial_013.log,solutions/wdbc_trial_013.sol,lp/wdbc_trial_013_lex.lp,logs/wdbc_trial_013_lex.log,solutions/wdbc_trial_013_lex.sol,lp/wdbc_trial_013_margin.lp,logs/wdbc_trial_013_margin.log,solutions/wdbc_trial_013_margin.sol
wdbc,14,569,30,2,341,113,115,48,16,0.050,0.923451,0.250,0.964602,33,0.275000,0.938791,8,4,4,8,1 6 11 13,0 7 14 15,5,3,1 6 7 13 15,0 11 14,7.469026,0,4,4,0 7 14 15,1 6 11 13,109.007470,109,0,0.964602,0.964602,0.964602,0.964602,0.965217,0.965217,0.965217,0.973913,0.973913,0.947826,0.970261,0.009838,-0.005043,-0.005043,-0.005043,-0.008696,-0.008696,-0.008696,-0.008696,-0.008696,-0.008696,0.300000,0.300000,0.300000,0.916149,0.916149,0.916149,0.947516,0.926345,0.283910,0.283910,0.283910,0.378704,0.306598,Optimal,Optimal,Optimal,0.00,0.01,0.03,0.012061,0.012771,0.035656,0,0,0,lp/wdbc_trial_014.lp,logs/wdbc_trial_014.log,solutions/wdbc_trial_014.sol,lp/wdbc_trial_014_lex.lp,logs/wdbc_trial_014_lex.log,solutions/wdbc_trial_014_lex.sol,lp/wdbc_trial_014_margin.lp,logs/wdbc_trial_014_margin.log,solutions/wdbc_trial_014_margin.sol
wdbc,15,569,30,2,341,113,115,48,16,0.050,0.923451,0.250,0.955752,36,0.300000,0.934145,8,5,3,8,1 3 8 13 15,7 11 14,6,2,2 3 8 11 14 15,1 13,7.371680,1,6,2,2 3 8 11 12 15,1 14,105.007373,105,1,0.946903,0.946903,0.946903,0.964602,0.982609,0.973913,0.973913,0.965217,0.991304,0.965217,0.980043,0.008168,0.002565,-0.006130,-0.006130,0.017391,0.008696,0.008696,-0.008696,-0.017391,-0.017391,0.590000,0.257500,0.257500,0.933230,0.931677,0.931677,0.958075,0.944115,0.360519,0.347610,0.347610,0.506133,0.390615,Optimal,Optimal,Optimal,0.00,0.02,0.03,0.015284,0.030216,0.042672,0,0,0,lp/wdbc_trial_015.lp,logs/wdbc_trial_015.log,solutions/wdbc_trial_015.sol,lp/wdbc_trial_015_lex.lp,logs/wdbc_trial_015_lex.log,solutions/wdbc_trial_015_lex.sol,lp/wdbc_trial_015_margin.lp,logs/wdbc_trial_015_margin.log,solutions/wdbc_trial_015_margin.sol
wdbc,16,569,30,2,341,113,115,48,18,0.050,0.923451,0.250,0.973451,39,0.254902,0.955694,8,4,4,8,3 7 9 16,2 10 11 13,5,3,7 11 13 15 16,2 3 9,7.592920,1,4,4,7 8 15 16,2 3 9 11,108.007592,108,1,0.964602,0.964602,0.973451,0.973451,0.982609,0.973913,0.973913,0.965217,0.973913,0.965217,0.964652,0.007946,0.017957,0.009261,0.009261,0.017391,0.008696,0.008696,0.008696,0.000000,0.000000,0.990000,0.860000,0.860000,0.883540,0.890373,0.887267,0.949068,0.909419,0.235872,0.282435,0.279308,0.470779,0.334153,Optimal,Optimal,Optimal,0.01,0.04,0.02,0.016572,0.050455,0.027610,0,0,0,lp/wdbc_trial_016.lp,logs/wdbc_trial_016.log,solutions/wdbc_trial_016.sol,lp/wdbc_trial_016_lex.lp,logs/wdbc_trial_016_lex.log,solutions/wdbc_trial_016_lex.sol,lp/wdbc_trial_016_margin.lp,logs/wdbc_trial_016_margin.log,solutions/wdbc_trial_016_margin.sol
wdbc,17,569,30,2,341,113,115,48,16,0.050,0.941150,0.250,0.964602,44,0.366667,0.948009,6,3,3,6,4 12 14,5 8 13,5,1,5 8 12 13 14,4,5.663718,0,5,1,5 8 12 13 14,4,110.005664,110,0,0.973451,0.973451,0.973451,0.982301,0.913043,0.913043,0.913043,0.965217,0.956522,0.965217,0.950696,0.015152,-0.037652,-0.037652,-0.037652,-0.052174,-0.052174,-0.052174,-0.043478,-0.043478,-0.043478,0.022500,0.022500,0.022500,0.924638,0.924638,0.924638,0.964058,0.930487,0.557105,0.557105,0.557105,0.730617,0.528234,Optimal,Optimal,Optimal,0.01,0.01,0.02,0.015391,0.013221,0.027121,0,0,0,lp/wdbc_trial_017.lp,logs/wdbc_trial_017.log,solutions/wdbc_trial_017.sol,lp/wdbc_trial_017_lex.lp,logs/wdbc_trial_017_lex.log,solutions/wdbc_trial_017_lex.sol,lp/wdbc_trial_017_margin.lp,logs/wdbc_trial_017_margin.log,solutions/wdbc_trial_017_margin.sol
wdbc,18,569,30,2,341,113,115,48,16,0.050,0.932301,0.250,0.982301,35,0.291667,0.957448,9,7,2,9,1 7 10 12 13 14 15,0 8,8,1,6 7 8 10 12 13 14 15,0,8.646018,1,8,1,5 7 8 10 12 13 14 15,6,111.008645,111,1,0.982301,0.982301,0.982301,0.982301,0.947826,0.947826,0.947826,0.956522,0.939130,0.913043,0.941913,0.013385,0.005913,0.005913,0.005913,-0.008696,-0.008696,-0.008696,0.008696,0.008696,0.008696,0.622500,0.622500,0.622500,0.917874,0.916908,0.917874,0.947826,0.926587,0.446108,0.447161,0.438323,0.546510,0.496806,Optimal,Optimal,Optimal,0.00,0.01,0.01,0.015556,0.013407,0.018785,0,0,0,lp/wdbc_trial_018.lp,logs/wdbc_trial_018.log,solutions/wdbc_trial_018.sol,lp/wdbc_trial_018_lex.lp,logs/wdbc_trial_018_lex.log,solutions/wdbc_trial_018_lex.sol,lp/wdbc_trial_018_margin.lp,logs/wdbc_trial_018_margin.log,solutions/wdbc_trial_018_margin.sol
wdbc,19,569,30,2,341,113,115,48,16,0.050,0.932301,0.250,0.955752,42,0.350000,0.947050,6,3,3,6,4 6 12,1 5 14,3,3,1 6 12,0 5 14,5.716816,1,3,3,1 5 12,0 6 14,110.005716,110,1,0.982301,0.982301,0.982301,0.973451,0.947826,0.947826,0.947826,0.965217,0.965217,0.965217,0.961435,0.015511,-0.013609,-0.013609,-0.013609,-0.017391,-0.017391,-0.017391,-0.017391,-0.017391,-0.017391,0.157500,0.157500,0.157500,0.925797,0.923478,0.923478,0.951884,0.912571,0.432677,0.407665,0.407665,0.539212,0.357687,Optimal,Optimal,Optimal,0.01,0.00,0.03,0.016604,0.014040,0.045185,0,0,0,lp/wdbc_trial_019.lp,logs/wdbc_trial_019.log,solutions/wdbc_trial_019.sol,lp/wdbc_trial_019_lex.lp,logs/wdbc_trial_019_lex.log,solutions/wdbc_trial_019_lex.sol,lp/wdbc_trial_019_margin.lp,logs/wdbc_trial_019_margin.log,solutions/wdbc_trial_019_margin.sol
